{
  "contacts": [
    {
      "id": 0,
      "name": "Miles Tuck",
      "work": "Amsquare",
      "email": "miles.tuck@amsquare.eu",
      "phone": "+91-9145742064"
    },
    {
      "id": 1,
      "name": "Rico White",
      "work": "Keysoft",
      "email": "rico.white@keysoft.club",
      "phone": "+91-9220858104"
    },
    {
      "id": 2,
      "name": "Adam Raymond",
      "work": "LexiconLabs",
      "email": "adam.raymond@lexiconlabs.net",
      "phone": "+91-9414310822"
    },
    {
      "id": 3,
      "name": "Marcus White",
      "work": "Connic",
      "email": "marcus.white@connic.xyz",
      "phone": "+91-9080099182"
    },
    {
      "id": 4,
      "name": "Brian Higgins",
      "work": "Westercom",
      "email": "brian.higgins@westercom.info",
      "phone": "+91-9125574969"
    },
    {
      "id": 5,
      "name": "Drew Hancock",
      "work": "Citisys",
      "email": "drew.hancock@citisys.me",
      "phone": "+91-9980023300"
    },
    {
      "id": 6,
      "name": "Heath Turner",
      "work": "Dynalab",
      "email": "heath.turner@dynalab.info",
      "phone": "+91-9961294853"
    },
    {
      "id": 7,
      "name": "Eleanore Bourne",
      "work": "TrueXT",
      "email": "eleanore.bourne@truext.org",
      "phone": "+91-9108868300"
    },
    {
      "id": 8,
      "name": "Aiden Rhymer",
      "work": "Thermatek",
      "email": "aiden.rhymer@thermatek.org",
      "phone": "+91-9198514927"
    },
    {
      "id": 9,
      "name": "Alejandro Oldman",
      "work": "Qualcore",
      "email": "alejandro.oldman@qualcore.me",
      "phone": "+91-9540281780"
    },
    {
      "id": 10,
      "name": "Cory Sprowl",
      "work": "Pancast",
      "email": "cory.sprowl@pancast.edu",
      "phone": "+91-9737687504"
    },
    {
      "id": 11,
      "name": "Rosie Rohloff",
      "work": "Haltheon",
      "email": "rosie.rohloff@haltheon.name",
      "phone": "+91-9790942055"
    },
    {
      "id": 12,
      "name": "Susana Keesee",
      "work": "Zatheon",
      "email": "susana.keesee@zatheon.info",
      "phone": "+91-9298453658"
    },
    {
      "id": 13,
      "name": "Hannah Latshaw",
      "work": "Opticast",
      "email": "hannah.latshaw@opticast.edu",
      "phone": "+91-9509057768"
    },
    {
      "id": 14,
      "name": "Haydee Paquette",
      "work": "Polycore",
      "email": "haydee.paquette@polycore.club",
      "phone": "+91-9187748224"
    },
    {
      "id": 15,
      "name": "Andy Finn",
      "work": "Templatek",
      "email": "andy.finn@templatek.mobi",
      "phone": "+91-9436667806"
    },
    {
      "id": 16,
      "name": "Gavin Chapman",
      "work": "Proline",
      "email": "gavin.chapman@proline.com",
      "phone": "+91-9514401142"
    },
    {
      "id": 17,
      "name": "Vernon Fennell",
      "work": "CorpTek",
      "email": "vernon.fennell@corptek.name",
      "phone": "+91-9805322746"
    },
    {
      "id": 18,
      "name": "Katelin Furlough",
      "work": "CorpTek",
      "email": "katelin.furlough@corptek.com",
      "phone": "+91-9846838204"
    },
    {
      "id": 19,
      "name": "Adam Kilmer",
      "work": "Forecore",
      "email": "adam.kilmer@forecore.co",
      "phone": "+91-9614292660"
    },
    {
      "id": 20,
      "name": "Michelle Lenihan",
      "work": "FortyFour",
      "email": "michelle.lenihan@fortyfour.club",
      "phone": "+91-9501644100"
    },
    {
      "id": 21,
      "name": "Ivan Coolidge",
      "work": "CorpTek",
      "email": "ivan.coolidge@corptek.co",
      "phone": "+91-9257426109"
    },
    {
      "id": 22,
      "name": "Joslyn Milligan",
      "work": "Baramax",
      "email": "joslyn.milligan@baramax.net",
      "phone": "+91-9448508843"
    },
    {
      "id": 23,
      "name": "Mitch Muldoon",
      "work": "Dynaroc",
      "email": "mitch.muldoon@dynaroc.com",
      "phone": "+91-9352371307"
    },
    {
      "id": 24,
      "name": "Erik Cadena",
      "work": "ForeTrust",
      "email": "erik.cadena@foretrust.com",
      "phone": "+91-9347339080"
    },
    {
      "id": 25,
      "name": "Benito Gilmore",
      "work": "Eluxa",
      "email": "benito.gilmore@eluxa.gov",
      "phone": "+91-9780630703"
    },
    {
      "id": 26,
      "name": "Cyrus Gamble",
      "work": "Haltheon",
      "email": "cyrus.gamble@haltheon.club",
      "phone": "+91-9284342337"
    },
    {
      "id": 27,
      "name": "Lyle Grieve",
      "work": "Quadtek",
      "email": "lyle.grieve@quadtek.co",
      "phone": "+91-9175476955"
    },
    {
      "id": 28,
      "name": "Dannielle Milling",
      "work": "Keycast",
      "email": "dannielle.milling@keycast.edu",
      "phone": "+91-9323247726"
    },
    {
      "id": 29,
      "name": "Liza Jensen",
      "work": "Polycore",
      "email": "liza.jensen@polycore.xyz",
      "phone": "+91-9726440540"
    },
    {
      "id": 30,
      "name": "Cedric Matzen",
      "work": "Hypervision",
      "email": "cedric.matzen@hypervision.co",
      "phone": "+91-9582825051"
    },
    {
      "id": 31,
      "name": "Lloyd Grieve",
      "work": "Opticast",
      "email": "lloyd.grieve@opticast.club",
      "phone": "+91-9893962341"
    },
    {
      "id": 32,
      "name": "Katelin Rohloff",
      "work": "Coolinga",
      "email": "katelin.rohloff@coolinga.xyz",
      "phone": "+91-9908435864"
    },
    {
      "id": 33,
      "name": "Roselyn Rikard",
      "work": "DuoServe",
      "email": "roselyn.rikard@duoserve.com",
      "phone": "+91-9535659707"
    },
    {
      "id": 34,
      "name": "Victoria Verde",
      "work": "WestGate",
      "email": "victoria.verde@westgate.club",
      "phone": "+91-9973111714"
    },
    {
      "id": 35,
      "name": "Rosanne Dampier",
      "work": "DuoServe",
      "email": "rosanne.dampier@duoserve.me",
      "phone": "+91-9512161051"
    },
    {
      "id": 36,
      "name": "Rolf Flinn",
      "work": "Helixicon",
      "email": "rolf.flinn@helixicon.mobi",
      "phone": "+91-9089704596"
    },
    {
      "id": 37,
      "name": "Dori Brier",
      "work": "Conixco",
      "email": "dori.brier@conixco.xyz",
      "phone": "+91-9445151390"
    },
    {
      "id": 38,
      "name": "Leanne Higgins",
      "work": "Cryptonica",
      "email": "leanne.higgins@cryptonica.info",
      "phone": "+91-9661958217"
    },
    {
      "id": 39,
      "name": "Erik Seal",
      "work": "Pancast",
      "email": "erik.seal@pancast.org",
      "phone": "+91-9270486699"
    },
    {
      "id": 40,
      "name": "Isabelle Dunham",
      "work": "Baramax",
      "email": "isabelle.dunham@baramax.name",
      "phone": "+91-9918611943"
    },
    {
      "id": 41,
      "name": "Aiden Hundt",
      "work": "MediaDime",
      "email": "aiden.hundt@mediadime.com",
      "phone": "+91-9604124870"
    },
    {
      "id": 42,
      "name": "Yuri Drolet",
      "work": "Britech",
      "email": "yuri.drolet@britech.info",
      "phone": "+91-9562775609"
    },
    {
      "id": 43,
      "name": "Jocelyn Tuck",
      "work": "Airconix",
      "email": "jocelyn.tuck@airconix.com",
      "phone": "+91-9382538962"
    },
    {
      "id": 44,
      "name": "Olivia Cadena",
      "work": "Protheon",
      "email": "olivia.cadena@protheon.club",
      "phone": "+91-9171962491"
    },
    {
      "id": 45,
      "name": "Heath Mullens",
      "work": "LoopSys",
      "email": "heath.mullens@loopsys.org",
      "phone": "+91-9867718543"
    },
    {
      "id": 46,
      "name": "Kathy Seabury",
      "work": "OmniTouch",
      "email": "kathy.seabury@omnitouch.edu",
      "phone": "+91-9925216044"
    },
    {
      "id": 47,
      "name": "Raymond Verde",
      "work": "Terrasys",
      "email": "raymond.verde@terrasys.me",
      "phone": "+91-9745336188"
    },
    {
      "id": 48,
      "name": "Alejandro Wallis",
      "work": "Anaplex",
      "email": "alejandro.wallis@anaplex.co",
      "phone": "+91-9554390467"
    },
    {
      "id": 49,
      "name": "Myong Carroll",
      "work": "Helixicon",
      "email": "myong.carroll@helixicon.me",
      "phone": "+91-9140891544"
    },
    {
      "id": 50,
      "name": "Roman Brier",
      "work": "Zatheon",
      "email": "roman.brier@zatheon.eu",
      "phone": "+91-9449901883"
    },
    {
      "id": 51,
      "name": "Travis Krumm",
      "work": "Airconix",
      "email": "travis.krumm@airconix.mobi",
      "phone": "+91-9909957054"
    },
    {
      "id": 52,
      "name": "Susana Pickering",
      "work": "Celmax",
      "email": "susana.pickering@celmax.org",
      "phone": "+91-9075804026"
    },
    {
      "id": 53,
      "name": "Danny Neal",
      "work": "Anaplex",
      "email": "danny.neal@anaplex.me",
      "phone": "+91-9779313878"
    },
    {
      "id": 54,
      "name": "Jetta Paquette",
      "work": "Keysoft",
      "email": "jetta.paquette@keysoft.me",
      "phone": "+91-9460217777"
    },
    {
      "id": 55,
      "name": "Austin Brier",
      "work": "Viewtopia",
      "email": "austin.brier@viewtopia.co",
      "phone": "+91-9797871045"
    },
    {
      "id": 56,
      "name": "Kurt Milligan",
      "work": "Proline",
      "email": "kurt.milligan@proline.me",
      "phone": "+91-9200956719"
    },
    {
      "id": 57,
      "name": "Susana Porras",
      "work": "CoreRobotics",
      "email": "susana.porras@corerobotics.com",
      "phone": "+91-9344875110"
    },
    {
      "id": 58,
      "name": "Aiden Pleiman",
      "work": "TurboSystems",
      "email": "aiden.pleiman@turbosystems.edu",
      "phone": "+91-9163842666"
    },
    {
      "id": 59,
      "name": "Madelyn Cumbie",
      "work": "MediaDime",
      "email": "madelyn.cumbie@mediadime.name",
      "phone": "+91-9850822476"
    },
    {
      "id": 60,
      "name": "Juliana Smit",
      "work": "CoreRobotics",
      "email": "juliana.smit@corerobotics.biz",
      "phone": "+91-9576527064"
    },
    {
      "id": 61,
      "name": "Layla Schaefer",
      "work": "Sunopia",
      "email": "layla.schaefer@sunopia.org",
      "phone": "+91-9256472535"
    },
    {
      "id": 62,
      "name": "Shea Coolidge",
      "work": "Sophis",
      "email": "shea.coolidge@sophis.club",
      "phone": "+91-9295815535"
    },
    {
      "id": 63,
      "name": "Mitch Brier",
      "work": "Protheon",
      "email": "mitch.brier@protheon.org",
      "phone": "+91-9490684308"
    },
    {
      "id": 64,
      "name": "Drew Friedrich",
      "work": "NitroSystems",
      "email": "drew.friedrich@nitrosystems.name",
      "phone": "+91-9747368019"
    },
    {
      "id": 65,
      "name": "Joslyn Carroll",
      "work": "Polycore",
      "email": "joslyn.carroll@polycore.net",
      "phone": "+91-9767997642"
    },
    {
      "id": 66,
      "name": "Shea Cadena",
      "work": "VTGrafix",
      "email": "shea.cadena@vtgrafix.co",
      "phone": "+91-9600161167"
    },
    {
      "id": 67,
      "name": "Chloe Young",
      "work": "Coolinga",
      "email": "chloe.young@coolinga.biz",
      "phone": "+91-9159848421"
    },
    {
      "id": 68,
      "name": "Rosie Mullens",
      "work": "VTGrafix",
      "email": "rosie.mullens@vtgrafix.club",
      "phone": "+91-9803308464"
    },
    {
      "id": 69,
      "name": "Lyle Helland",
      "work": "Amsquare",
      "email": "lyle.helland@amsquare.xyz",
      "phone": "+91-9376413414"
    },
    {
      "id": 70,
      "name": "Katelin Milligan",
      "work": "Solexis",
      "email": "katelin.milligan@solexis.org",
      "phone": "+91-9750385243"
    },
    {
      "id": 71,
      "name": "Juliana Remus",
      "work": "Dynaroc",
      "email": "juliana.remus@dynaroc.name",
      "phone": "+91-9312354164"
    },
    {
      "id": 72,
      "name": "Michael Karst",
      "work": "VenStrategy",
      "email": "michael.karst@venstrategy.net",
      "phone": "+91-9988085862"
    },
    {
      "id": 73,
      "name": "Darrell Matzen",
      "work": "PeerSys",
      "email": "darrell.matzen@peersys.edu",
      "phone": "+91-9391000562"
    },
    {
      "id": 74,
      "name": "Andy Finn",
      "work": "Dynalab",
      "email": "andy.finn@dynalab.co",
      "phone": "+91-9555680766"
    },
    {
      "id": 75,
      "name": "Janett Pullman",
      "work": "Acousticom",
      "email": "janett.pullman@acousticom.org",
      "phone": "+91-9696628619"
    },
    {
      "id": 76,
      "name": "Hannah Garling",
      "work": "Qualcore",
      "email": "hannah.garling@qualcore.co",
      "phone": "+91-9271735627"
    },
    {
      "id": 77,
      "name": "Madeleine Grieve",
      "work": "Cameratek",
      "email": "madeleine.grieve@cameratek.mobi",
      "phone": "+91-9197403728"
    },
    {
      "id": 78,
      "name": "Yuri Gamble",
      "work": "WestGate",
      "email": "yuri.gamble@westgate.club",
      "phone": "+91-9874101438"
    },
    {
      "id": 79,
      "name": "Selma Lenihan",
      "work": "Thermatek",
      "email": "selma.lenihan@thermatek.co",
      "phone": "+91-9273778449"
    },
    {
      "id": 80,
      "name": "Erik Cumbie",
      "work": "Protheon",
      "email": "erik.cumbie@protheon.xyz",
      "phone": "+91-9049213034"
    },
    {
      "id": 81,
      "name": "Jenette Drolet",
      "work": "Tomiatech",
      "email": "jenette.drolet@tomiatech.edu",
      "phone": "+91-9384731216"
    },
    {
      "id": 82,
      "name": "Rolf Freeman",
      "work": "GrafixMedia",
      "email": "rolf.freeman@grafixmedia.mobi",
      "phone": "+91-9950499887"
    },
    {
      "id": 83,
      "name": "Francis Porras",
      "work": "Unilogic",
      "email": "francis.porras@unilogic.co",
      "phone": "+91-9136309811"
    },
    {
      "id": 84,
      "name": "Juliana Bryd",
      "work": "Acousticom",
      "email": "juliana.bryd@acousticom.name",
      "phone": "+91-9452855420"
    },
    {
      "id": 85,
      "name": "Danny Furlough",
      "work": "Optiplex",
      "email": "danny.furlough@optiplex.xyz",
      "phone": "+91-9438307254"
    },
    {
      "id": 86,
      "name": "Eleanore Rikard",
      "work": "Chromaton",
      "email": "eleanore.rikard@chromaton.mobi",
      "phone": "+91-9568240778"
    },
    {
      "id": 87,
      "name": "Ian Pickering",
      "work": "Infratouch",
      "email": "ian.pickering@infratouch.xyz",
      "phone": "+91-9981118316"
    },
    {
      "id": 88,
      "name": "Yuri Miers",
      "work": "Infracom",
      "email": "yuri.miers@infracom.edu",
      "phone": "+91-9742501697"
    },
    {
      "id": 89,
      "name": "Janett Drolet",
      "work": "Citisys",
      "email": "janett.drolet@citisys.eu",
      "phone": "+91-9522750563"
    },
    {
      "id": 90,
      "name": "Stan Durrett",
      "work": "FastFreight",
      "email": "stan.durrett@fastfreight.mobi",
      "phone": "+91-9923945940"
    },
    {
      "id": 91,
      "name": "Vernon Bourne",
      "work": "Playtech",
      "email": "vernon.bourne@playtech.edu",
      "phone": "+91-9002101235"
    },
    {
      "id": 92,
      "name": "Hannah Carroll",
      "work": "MultiServ",
      "email": "hannah.carroll@multiserv.xyz",
      "phone": "+91-9892541519"
    },
    {
      "id": 93,
      "name": "Selma Brandt",
      "work": "Protheon",
      "email": "selma.brandt@protheon.edu",
      "phone": "+91-9632595969"
    },
    {
      "id": 94,
      "name": "Yuri Stine",
      "work": "Storex",
      "email": "yuri.stine@storex.me",
      "phone": "+91-9037321189"
    },
    {
      "id": 95,
      "name": "Alexis Miers",
      "work": "Xenosys",
      "email": "alexis.miers@xenosys.xyz",
      "phone": "+91-9211427183"
    },
    {
      "id": 96,
      "name": "Chloe Kilmer",
      "work": "Connic",
      "email": "chloe.kilmer@connic.me",
      "phone": "+91-9516754774"
    },
    {
      "id": 97,
      "name": "Austin Fennell",
      "work": "Nitrocam",
      "email": "austin.fennell@nitrocam.mobi",
      "phone": "+91-9358951564"
    },
    {
      "id": 98,
      "name": "Joslyn Rebelo",
      "work": "TrioSys",
      "email": "joslyn.rebelo@triosys.club",
      "phone": "+91-9762445463"
    },
    {
      "id": 99,
      "name": "Olivia Seal",
      "work": "Optiplex",
      "email": "olivia.seal@optiplex.co",
      "phone": "+91-9084751194"
    }
  ]
}