{
  "notes": [
    {
      "id": 1,
      "content": "HTML is easy",
      "important": true
    },
    {
      "id": 2,
      "content": "Browser can execute only JavaScript",
      "important": false
    },
    {
      "id": 3,
      "content": "GET and POST are the most important methods of HTTP protocol",
      "important": true
    },
    {
      "note": "a",
      "id": 5,
      "important": true
    },
    {
      "content": "",
      "important": false,
      "id": 6
    },
    {
      "content": "fcj",
      "important": false,
      "id": 7
    }
  ]
}